{"stats":{"minecraft:killed":{"minecraft:vindicator":2,"minecraft:pillager":3,"minecraft:witch":1},"minecraft:used":{"minecraft:soul_lantern":2,"minecraft:spyglass":6,"minecraft:warped_fungus_on_a_stick":19,"minecraft:written_book":1,"minecraft:armor_stand":1,"minecraft:carrot_on_a_stick":109,"minecraft:sandstone":1},"minecraft:custom":{"minecraft:open_chest":2,"minecraft:time_since_rest":81972,"minecraft:crouch_one_cm":4138,"minecraft:sprint_one_cm":81900,"minecraft:play_time":81972,"minecraft:walk_one_cm":66734,"minecraft:damage_absorbed":115,"minecraft:sneak_time":2301,"minecraft:walk_under_water_one_cm":1353,"minecraft:mob_kills":7,"minecraft:jump":618,"minecraft:damage_dealt":1634,"minecraft:leave_game":3,"minecraft:walk_on_water_one_cm":1870,"minecraft:time_since_death":81972,"minecraft:climb_one_cm":16,"minecraft:total_world_time":81972,"minecraft:damage_resisted":150,"minecraft:swim_one_cm":1807,"minecraft:fall_one_cm":858,"minecraft:fly_one_cm":390708,"minecraft:horse_one_cm":1790984},"minecraft:picked_up":{"minecraft:carrot_on_a_stick":7,"minecraft:soul_lantern":1,"minecraft:golden_apple":4,"minecraft:bread":12,"minecraft:baked_potato":12}},"DataVersion":3839}