{
  "minecraft:recipes/decorations/crafting_table": {
    "criteria": {
      "unlock_right_away": "2024-05-24 00:42:51 +0000"
    },
    "done": true
  },
  "minecraft:adventure/adventuring_time": {
    "criteria": {
      "minecraft:beach": "2024-05-24 01:26:43 +0000",
      "minecraft:desert": "2024-05-24 01:27:29 +0000",
      "minecraft:forest": "2024-05-24 01:26:03 +0000",
      "minecraft:cherry_grove": "2024-05-24 02:01:35 +0000",
      "minecraft:river": "2024-05-24 01:57:46 +0000",
      "minecraft:swamp": "2024-05-24 01:35:29 +0000",
      "minecraft:birch_forest": "2024-05-24 00:42:52 +0000",
      "minecraft:snowy_plains": "2024-05-24 02:01:42 +0000",
      "minecraft:dripstone_caves": "2024-05-24 01:59:03 +0000",
      "minecraft:savanna": "2024-05-24 01:57:13 +0000"
    },
    "done": false
  },
  "incendium:technical/scroll_of_returning": {
    "criteria": {
      "log_spam_fixer": "2024-05-24 00:51:14 +0000"
    },
    "done": false
  },
  "armor_statues:enable": {
    "criteria": {
      "tick": "2024-05-24 00:51:14 +0000"
    },
    "done": true
  },
  "incendium:technical/using/ragnarok": {
    "criteria": {
      "log_spam_fixer": "2024-05-24 00:51:14 +0000"
    },
    "done": false
  },
  "kattersstructures:root": {
    "criteria": {
      "requirement": "2024-05-24 00:51:14 +0000"
    },
    "done": true
  },
  "armor_statues:armor_statues": {
    "criteria": {
      "tick": "2024-05-24 00:51:14 +0000"
    },
    "done": true
  },
  "incendium:technical/using/trailblazer": {
    "criteria": {
      "log_spam_fixer": "2024-05-24 00:51:14 +0000"
    },
    "done": false
  },
  "gm4_better_armour_stands:join": {
    "criteria": {
      "join": "2024-05-24 00:51:14 +0000"
    },
    "done": true
  },
  "incendium:technical/using/shield": {
    "criteria": {
      "log_spam_fixer": "2024-05-24 00:51:14 +0000"
    },
    "done": false
  },
  "incendium:technical/new_player": {
    "criteria": {
      "requirement": "2024-05-24 00:51:14 +0000"
    },
    "done": true
  },
  "snc:root": {
    "criteria": {
      "unlock": "2024-05-24 00:51:47 +0000"
    },
    "done": true
  },
  "snc:survey/odm/odm_gear": {
    "criteria": {
      "unlock": "2024-05-24 01:25:51 +0000"
    },
    "done": true
  },
  "snc:survey/spear": {
    "criteria": {
      "Craft Thunder Spear": "2024-05-24 01:25:51 +0000"
    },
    "done": true
  },
  "snc:survey/odm/odm_weapon_1": {
    "criteria": {
      "unlock": "2024-05-24 01:25:51 +0000"
    },
    "done": true
  },
  "snc:survey/odm/odm_weapon_2": {
    "criteria": {
      "spear": "2024-05-24 01:25:51 +0000"
    },
    "done": true
  },
  "snc:shifters/aura": {
    "criteria": {
      "unlock": "2024-05-24 01:29:01 +0000"
    },
    "done": true
  },
  "snc:human/village": {
    "criteria": {
      "snc:village": "2024-05-24 01:30:03 +0000"
    },
    "done": true
  },
  "minecraft:recipes/building_blocks/sandstone_stairs": {
    "criteria": {
      "has_sandstone": "2024-05-24 01:32:55 +0000"
    },
    "done": true
  },
  "minecraft:recipes/building_blocks/sandstone_slab": {
    "criteria": {
      "has_sandstone": "2024-05-24 01:32:55 +0000"
    },
    "done": true
  },
  "minecraft:recipes/building_blocks/cut_sandstone_from_sandstone_stonecutting": {
    "criteria": {
      "has_sandstone": "2024-05-24 01:32:55 +0000"
    },
    "done": true
  },
  "minecraft:recipes/building_blocks/chiseled_sandstone_from_sandstone_stonecutting": {
    "criteria": {
      "has_sandstone": "2024-05-24 01:32:55 +0000"
    },
    "done": true
  },
  "minecraft:recipes/building_blocks/smooth_sandstone": {
    "criteria": {
      "has_sandstone": "2024-05-24 01:32:55 +0000"
    },
    "done": true
  },
  "minecraft:recipes/decorations/sandstone_wall_from_sandstone_stonecutting": {
    "criteria": {
      "has_sandstone": "2024-05-24 01:32:55 +0000"
    },
    "done": true
  },
  "minecraft:recipes/building_blocks/cut_sandstone_slab_from_sandstone_stonecutting": {
    "criteria": {
      "has_sandstone": "2024-05-24 01:32:55 +0000"
    },
    "done": true
  },
  "minecraft:recipes/building_blocks/cut_sandstone": {
    "criteria": {
      "has_sandstone": "2024-05-24 01:32:55 +0000"
    },
    "done": true
  },
  "minecraft:recipes/building_blocks/sandstone_slab_from_sandstone_stonecutting": {
    "criteria": {
      "has_sandstone": "2024-05-24 01:32:55 +0000"
    },
    "done": true
  },
  "minecraft:recipes/building_blocks/sandstone_stairs_from_sandstone_stonecutting": {
    "criteria": {
      "has_sandstone": "2024-05-24 01:32:55 +0000"
    },
    "done": true
  },
  "minecraft:recipes/decorations/sandstone_wall": {
    "criteria": {
      "has_sandstone": "2024-05-24 01:32:55 +0000"
    },
    "done": true
  },
  "incendium:technical/sentrys_wrath": {
    "criteria": {
      "log_spam_fixer": "2024-05-24 02:08:41 +0000"
    },
    "done": false
  },
  "incendium:technical/inventory/sentrys_wrath": {
    "criteria": {
      "log_spam_fixer": "2024-05-24 02:08:41 +0000"
    },
    "done": false
  },
  "incendium:technical/multiplex_crossbow": {
    "criteria": {
      "log_spam_fixer": "2024-05-24 02:08:41 +0000"
    },
    "done": false
  },
  "incendium:technical/feed_ghastling": {
    "criteria": {
      "log_spam_fixer": "2024-05-24 02:08:41 +0000"
    },
    "done": false
  },
  "incendium:technical/on_inventory_change": {
    "criteria": {
      "log_spam_fixer": "2024-05-24 02:08:41 +0000"
    },
    "done": false
  },
  "incendium:technical/on_player_hurt": {
    "criteria": {
      "log_spam_fixer": "2024-05-24 02:08:41 +0000"
    },
    "done": false
  },
  "incendium:technical/firestorm": {
    "criteria": {
      "log_spam_fixer": "2024-05-24 02:08:41 +0000"
    },
    "done": false
  },
  "incendium:technical/holy_wrath": {
    "criteria": {
      "log_spam_fixer": "2024-05-24 02:08:41 +0000"
    },
    "done": false
  },
  "incendium:technical/on_block": {
    "criteria": {
      "log_spam_fixer": "2024-05-24 02:08:41 +0000"
    },
    "done": false
  },
  "incendium:technical/inventory/firestorm": {
    "criteria": {
      "log_spam_fixer": "2024-05-24 02:08:41 +0000"
    },
    "done": false
  },
  "incendium:technical/give_ghastling": {
    "criteria": {
      "log_spam_fixer": "2024-05-24 02:08:41 +0000"
    },
    "done": false
  },
  "incendium:technical/on_kill": {
    "criteria": {
      "log_spam_fixer": "2024-05-24 02:08:41 +0000"
    },
    "done": false
  },
  "minecraft:recipes/transportation/mangrove_boat": {
    "criteria": {
      "in_water": "2024-05-24 01:48:42 +0000"
    },
    "done": true
  },
  "snc:shifters/beast/get": {
    "criteria": {
      "unlock": "2024-05-24 01:46:33 +0000"
    },
    "done": true
  },
  "kattersstructures:villager_all": {
    "criteria": {
      "villager_desert": "2024-05-24 01:55:25 +0000"
    },
    "done": false
  },
  "kattersstructures:a_village": {
    "criteria": {
      "village_cherry": "2024-05-24 02:00:21 +0000"
    },
    "done": true
  },
  "snc:shifters/cart/get": {
    "criteria": {
      "unlock": "2024-05-24 01:47:26 +0000"
    },
    "done": true
  },
  "kattersstructures:villager_desert": {
    "criteria": {
      "villager_desert": "2024-05-24 01:55:25 +0000"
    },
    "done": true
  },
  "minecraft:recipes/decorations/chest": {
    "criteria": {
      "has_lots_of_items": "2024-05-24 01:44:08 +0000"
    },
    "done": true
  },
  "kattersstructures:village_all": {
    "criteria": {
      "village_cherry": "2024-05-24 02:00:21 +0000"
    },
    "done": false
  },
  "minecraft:recipes/transportation/acacia_boat": {
    "criteria": {
      "in_water": "2024-05-24 01:48:42 +0000"
    },
    "done": true
  },
  "minecraft:recipes/transportation/cherry_boat": {
    "criteria": {
      "in_water": "2024-05-24 01:48:42 +0000"
    },
    "done": true
  },
  "minecraft:adventure/root": {
    "criteria": {
      "killed_something": "2024-05-24 02:03:18 +0000"
    },
    "done": true
  },
  "minecraft:adventure/kill_all_mobs": {
    "criteria": {
      "minecraft:pillager": "2024-05-24 02:04:19 +0000",
      "minecraft:vindicator": "2024-05-24 02:03:42 +0000",
      "minecraft:witch": "2024-05-24 02:03:36 +0000",
      "minecraft:evoker": "2024-05-24 02:03:18 +0000"
    },
    "done": false
  },
  "minecraft:adventure/kill_a_mob": {
    "criteria": {
      "minecraft:evoker": "2024-05-24 02:03:18 +0000"
    },
    "done": true
  },
  "minecraft:recipes/transportation/bamboo_raft": {
    "criteria": {
      "in_water": "2024-05-24 01:48:42 +0000"
    },
    "done": true
  },
  "snc:shifters/colossal/get": {
    "criteria": {
      "unlock": "2024-05-24 01:47:53 +0000"
    },
    "done": true
  },
  "minecraft:recipes/transportation/spruce_boat": {
    "criteria": {
      "in_water": "2024-05-24 01:48:42 +0000"
    },
    "done": true
  },
  "minecraft:recipes/transportation/birch_boat": {
    "criteria": {
      "in_water": "2024-05-24 01:48:42 +0000"
    },
    "done": true
  },
  "kattersstructures:village_cherry": {
    "criteria": {
      "village_cherry": "2024-05-24 02:00:21 +0000"
    },
    "done": true
  },
  "minecraft:recipes/building_blocks/jack_o_lantern": {
    "criteria": {
      "has_carved_pumpkin": "2024-05-24 01:44:06 +0000"
    },
    "done": true
  },
  "minecraft:recipes/transportation/oak_boat": {
    "criteria": {
      "in_water": "2024-05-24 01:48:42 +0000"
    },
    "done": true
  },
  "snc:shifters/attack/get": {
    "criteria": {
      "unlock": "2024-05-24 01:43:55 +0000"
    },
    "done": true
  },
  "minecraft:recipes/transportation/jungle_boat": {
    "criteria": {
      "in_water": "2024-05-24 01:48:42 +0000"
    },
    "done": true
  },
  "minecraft:recipes/food/pumpkin_pie": {
    "criteria": {
      "has_carved_pumpkin": "2024-05-24 01:44:06 +0000"
    },
    "done": true
  },
  "minecraft:recipes/transportation/dark_oak_boat": {
    "criteria": {
      "in_water": "2024-05-24 01:48:42 +0000"
    },
    "done": true
  },
  "DataVersion": 3839
}